id,first_name,last_name,email,gender
1,Alice,Clark,aclark0@weather.com,Female
2,Irene,Henderson,ihenderson1@google.com.au,Female
3,Diane,Carroll,dcarroll2@wired.com,Female
4,Jesse,Thompson,jthompson3@sakura.ne.jp,Male
5,Steve,Pierce,spierce4@digg.com,Male
6,Aaron,Larson,alarson5@hhs.gov,Male
7,Kathryn,Lawrence,klawrence6@japanpost.jp,Female
8,Joseph,Cook,jcook7@soundcloud.com,Male
9,Kelly,Carpenter,kcarpenter8@indiegogo.com,Female
10,Debra,Bailey,dbailey9@nifty.com,Female
11,Emily,Fernandez,efernandeza@wikipedia.org,Female
12,Christina,Banks,cbanksb@eepurl.com,Female
13,Scott,Stanley,sstanleyc@hugedomains.com,Male
14,Ashley,Olson,aolsond@google.nl,Female
15,Judith,Reed,jreede@netvibes.com,Female
16,Phyllis,Harris,pharrisf@a8.net,Female
17,Irene,Green,igreeng@google.com.br,Female
18,Diana,Murray,dmurrayh@gmpg.org,Female
19,Harry,Jordan,hjordani@booking.com,Male
20,Diane,Carroll,dcarrollj@tripod.com,Female
21,Antonio,Carpenter,acarpenterk@vimeo.com,Male
22,Mary,Bell,mbelll@sbwire.com,Female
23,Elizabeth,Carroll,ecarrollm@geocities.com,Female
24,Barbara,Hayes,bhayesn@dot.gov,Female
25,Nicholas,Henry,nhenryo@ning.com,Male
26,Lillian,Jackson,ljacksonp@bizjournals.com,Female
27,Dennis,Johnson,djohnsonq@time.com,Male
28,Joyce,Walker,jwalkerr@is.gd,Female
29,Russell,Phillips,rphillipss@hugedomains.com,Male
30,Diane,Greene,dgreenet@rakuten.co.jp,Female
31,Douglas,Dunn,ddunnu@free.fr,Male
32,Dorothy,Johnston,djohnstonv@umn.edu,Female
33,Kelly,Ferguson,kfergusonw@multiply.com,Female
34,Ralph,Austin,raustinx@sitemeter.com,Male
35,Jeffrey,Tucker,jtuckery@unesco.org,Male
36,Gloria,Martin,gmartinz@wufoo.com,Female
37,Paula,Simpson,psimpson10@gizmodo.com,Female
38,Justin,Mitchell,jmitchell11@aol.com,Male
39,Arthur,Simmons,asimmons12@surveymonkey.com,Male
40,Roy,Wheeler,rwheeler13@google.ru,Male
41,Joan,Carter,jcarter14@nationalgeographic.com,Female
42,Jennifer,Kelly,jkelly15@ted.com,Female
43,Kathy,Chapman,kchapman16@123-reg.co.uk,Female
44,Juan,Ellis,jellis17@marketwatch.com,Male
45,Edward,Stephens,estephens18@army.mil,Male
46,Ronald,Stanley,rstanley19@soup.io,Male
47,Richard,Peters,rpeters1a@bbc.co.uk,Male
48,Amanda,Fox,afox1b@cdbaby.com,Female
49,Gloria,Black,gblack1c@toplist.cz,Female
50,William,Lawrence,wlawrence1d@purevolume.com,Male
51,Lillian,Jackson,ljackson1e@huffingtonpost.com,Female
52,Carl,Spencer,cspencer1f@networkadvertising.org,Male
53,Billy,Vasquez,bvasquez1g@npr.org,Male
54,Aaron,Green,agreen1h@4shared.com,Male
55,Beverly,Woods,bwoods1i@oaic.gov.au,Female
56,Gregory,Morgan,gmorgan1j@elegantthemes.com,Male
57,Brandon,Griffin,bgriffin1k@wp.com,Male
58,Jane,Carroll,jcarroll1l@dropbox.com,Female
59,Kathryn,Dunn,kdunn1m@prnewswire.com,Female
60,Roy,Fox,rfox1n@vistaprint.com,Male
61,Kathy,Lynch,klynch1o@qq.com,Female
62,Jerry,West,jwest1p@businessweek.com,Male
63,Todd,Peterson,tpeterson1q@blogspot.com,Male
64,Matthew,Diaz,mdiaz1r@mac.com,Male
65,Scott,Mendoza,smendoza1s@china.com.cn,Male
66,Lillian,Hart,lhart1t@phpbb.com,Female
67,Annie,Oliver,aoliver1u@shop-pro.jp,Female
68,Matthew,Hudson,mhudson1v@google.fr,Male
69,Maria,Sullivan,msullivan1w@home.pl,Female
70,Louis,Phillips,lphillips1x@pagesperso-orange.fr,Male
71,Rebecca,Riley,rriley1y@webs.com,Female
72,Katherine,Butler,kbutler1z@hud.gov,Female
73,Donald,Campbell,dcampbell20@1688.com,Male
74,Wayne,Hunt,whunt21@flickr.com,Male
75,Daniel,Anderson,danderson22@canalblog.com,Male
76,Frances,Watkins,fwatkins23@tmall.com,Female
77,Alice,Anderson,aanderson24@bigcartel.com,Female
78,Joshua,Rivera,jrivera25@woothemes.com,Male
79,Matthew,Davis,mdavis26@amazon.de,Male
80,Rebecca,Cole,rcole27@cmu.edu,Female
81,Keith,Price,kprice28@walmart.com,Male
82,Chris,Boyd,cboyd29@yale.edu,Male
83,Rose,Ford,rford2a@goodreads.com,Female
84,Judy,Carpenter,jcarpenter2b@tinyurl.com,Female
85,Christine,Diaz,cdiaz2c@livejournal.com,Female
86,Joseph,King,jking2d@newsvine.com,Male
87,Matthew,Ortiz,mortiz2e@paginegialle.it,Male
88,Brenda,Howard,bhoward2f@usda.gov,Female
89,Susan,Jenkins,sjenkins2g@bandcamp.com,Female
90,Aaron,Kelley,akelley2h@discovery.com,Male
91,Nancy,Scott,nscott2i@oracle.com,Female
92,Andrea,Gray,agray2j@harvard.edu,Female
93,Kathleen,Bradley,kbradley2k@cnbc.com,Female
94,Susan,Gordon,sgordon2l@hhs.gov,Female
95,Laura,Elliott,lelliott2m@theguardian.com,Female
96,James,Coleman,jcoleman2n@umn.edu,Male
97,Willie,Martinez,wmartinez2o@earthlink.net,Male
98,Teresa,Day,tday2p@over-blog.com,Female
99,Diane,Little,dlittle2q@intel.com,Female
100,Paula,Bell,pbell2r@webmd.com,Female
